variable,group,description,units_or_coding,nonmissing_living,nonmissing_deceased
DHSCLUST,Identifier,Cluster identifier retained from the GPS linkage.,ID,6795,367
LATNUM,Spatial,Displaced survey-cluster latitude.,WGS84 degrees,6795,367
LONGNUM,Spatial,Displaced survey-cluster longitude.,WGS84 degrees,6795,367
age_months_b19,Age provenance,Recorded living-child age in months. Equals child_age_months for all living records in this release.,Months,6795,0
age_months_cmc,Age provenance,Living-child age derived from interview and birth century-month codes. May differ slightly from the recorded age.,Months,6795,0
anemia_severe,Outcome,Study-derived indicator based on Hb < 8.0 g/dL. Retained for provenance and not modeled by these five scripts.,"0/1, missing if Hb missing",3586,0
birth_cmc,Time provenance,"Birth century-month code, retained for living records.",DHS century-month code,6795,0
birth_history_index,Identifier,Birth-history position for living records.,Index,6795,0
birth_month,Time,Birth month.,1–12,6795,367
birth_year,Time,Birth year.,Year,6795,367
child_age_months,Age,"Living-child recorded age at interview. For deceased records, elapsed months from birth to interview, calculated from calendar year/month. This is not age at death.",Months,6795,367
child_age_years_b8,Age provenance,Living-child age in completed years retained from the recode.,Years,6795,0
child_alive,Outcome,Survival status. Equals 1 - is_dead.,"1 = alive, 0 = deceased",6795,367
child_line_number,Identifier,Living-child household roster line number as supplied. Deceased records have no roster line.,ID,6795,0
child_sex,Control,Child sex.,"1 = male, 2 = female",6795,367
clean_fuel,Control,Prepared clean-cooking-fuel indicator. Retained without recoding raw fuel across surveys.,"0/1, 3 missing records",6792,367
cluster_id,Identifier,Survey cluster identifier. Use together with interview_year when pooling surveys.,ID,6795,367
cooking_fuel,Control provenance,Reported cooking-fuel category from the survey-specific recode.,Categorical code,6795,367
cough_binary,Other outcome,Prepared recent cough indicator. Not used by these five scripts.,0/1,4771,0
diarrhea_binary,Outcome,Prepared report of diarrhea in the preceding two weeks. Available only in 2018 living records.,0/1,4765,0
diarrhea_module_available,Survey provenance,Indicator of diarrhea-module availability in living records.,0/1,6795,0
fever_binary,Other outcome,Prepared recent fever indicator. Not used by these five scripts.,0/1,6774,0
floor_material,Control,Floor-material source category used to construct housing PCA.,DHS categorical code,6795,367
grid_id_01,Spatial,"0.1° × 0.1° grid identifier, retained but not used by these models.",ID,6795,367
grid_id_05,Spatial control,0.5° × 0.5° grid identifier for fixed effects and clustered standard errors.,ID,6795,367
had_cough,Outcome provenance,Original cough response. Prepared cough_binary is used for outcome analysis.,"Observed 0, 2, 8",4782,0
had_diarrhea,Outcome provenance,Original diarrhea response. Prepared diarrhea_binary is used for outcome analysis.,"Observed 0, 2, 8",4782,0
had_fever,Outcome provenance,Original fever response. Prepared fever_binary is used for outcome analysis.,"Observed 0, 1, 8",6795,0
haemoglobin_adj,Outcome provenance,Source adjusted Hb. Final hb_level equals this value divided by 10 for records with observed model Hb.,0.1 g/dL source scale,3586,0
haemoglobin_raw,Outcome provenance,"Original unadjusted Hb field, including source values not retained in final model Hb.",0.1 g/dL source scale,3695,0
haz_score,Other outcome,Prepared height-for-age z-score.,Z-score,2046,0
hb_level,Outcome,Final adjusted Hb for survivors. Missing for all deceased records. Sensitivity assignment is performed in memory only.,g/dL,3586,0
hb_level_raw,Outcome provenance,Unadjusted Hb converted to g/dL for records retained in final Hb processing.,g/dL,3586,0
head_sex,Control,Household-head sex.,"1 = male, 2 = female",6795,367
household_id,Identifier,Household number within survey cluster.,ID,6795,367
interview_cmc,Time provenance,"Interview century-month code, retained for living records.",DHS century-month code,6795,0
interview_day,Time,Interview day.,1–31,6795,367
interview_month,Time,Interview month.,1–12,6795,367
interview_year,Time control,Interview year used for cohort selection and year fixed effects.,2018 or 2021,6795,367
is_dead,Outcome,Recorded death status.,"1 = deceased, 0 = alive",6795,367
is_wet_season,Control,Prepared wet-season indicator.,"0 = dry, 1 = wet",6795,367
log_olc_area_km2_10km,Exposure,Natural logarithm of 1 + olc_area_km2_10km.,ln(1 + area in km²),6795,367
log_olc_area_km2_15km,Exposure,Natural logarithm of 1 + olc_area_km2_15km.,ln(1 + area in km²),6795,367
log_olc_area_km2_5km,Exposure,Natural logarithm of 1 + olc_area_km2_5km.,ln(1 + area in km²),6795,367
log_olc_mean_area_km2_10km,Exposure,Natural logarithm of 1 + olc_mean_area_km2_10km.,ln(1 + area in km²),6795,367
log_olc_mean_area_km2_15km,Exposure,Natural logarithm of 1 + olc_mean_area_km2_15km.,ln(1 + area in km²),6795,367
log_olc_mean_area_km2_5km,Exposure,Natural logarithm of 1 + olc_mean_area_km2_5km.,ln(1 + area in km²),6795,367
mosquito_nets,Control,Prepared household mosquito-net ownership indicator.,0/1,6795,367
mother_edu,Control,"Maternal education, entered categorically.","0 = none, 1 = primary, 2 = secondary, 3 = higher",6795,367
mother_line_number,Identifier,Interviewed mother’s household roster line.,ID,6795,367
olc_area_km2_10km,Exposure,Supplied current-year OLC intersection area within 10 km of the survey cluster.,km²,6795,367
olc_area_km2_15km,Exposure,Supplied current-year OLC intersection area within 15 km of the survey cluster.,km²,6795,367
olc_area_km2_5km,Exposure,Supplied current-year OLC intersection area within 5 km of the survey cluster.,km²,6795,367
olc_dist,Spatial provenance,Supplied distance to the nearest OLC feature. Not used by these five models.,Meters,6795,367
olc_mean_area_km2_10km,Exposure,Supplied mean OLC intersection area over the preceding three-year exposure window within 10 km.,km²,6795,367
olc_mean_area_km2_15km,Exposure,Supplied mean OLC intersection area over the preceding three-year exposure window within 15 km.,km²,6795,367
olc_mean_area_km2_5km,Exposure,Supplied mean OLC intersection area over the preceding three-year exposure window within 5 km.,km²,6795,367
owns_land,Other covariate,Prepared agricultural-land ownership indicator. Not used by these models.,0/1,6795,367
owns_livestock,Other covariate,Prepared livestock ownership indicator. Not used by these models.,0/1,6795,367
public_row_id,Identifier,Release row identifier for deceased records. Missing for living records.,String,0,367
record_id,Identifier,Composite identifier for living records. Missing for deceased records.,String,6795,0
riv_dist,Spatial provenance,Supplied distance to the nearest classified river segment.,"Meters, -999 = no segment within search radius",6795,367
riv_type,Hydrology provenance,River-position classification at the maximum search scale. Scale-specific river_type fields enter the models.,"0 = isolated, 1 = upstream, 2 = midstream, 3 = downstream",6795,367
river_type_10km,Hydrology,River-position class at the 10-km proximity threshold.,"0 = isolated, 1 = upstream, 2 = midstream, 3 = downstream",6795,367
river_type_15km,Hydrology,River-position class at the 15-km proximity threshold.,"0 = isolated, 1 = upstream, 2 = midstream, 3 = downstream",6795,367
river_type_1km,Hydrology,River-position class at the 1-km proximity threshold.,"0 = isolated, 1 = upstream, 2 = midstream, 3 = downstream",6795,367
river_type_2km,Hydrology,River-position class at the 2-km proximity threshold.,"0 = isolated, 1 = upstream, 2 = midstream, 3 = downstream",6795,367
river_type_3km,Hydrology,River-position class at the 3-km proximity threshold.,"0 = isolated, 1 = upstream, 2 = midstream, 3 = downstream",6795,367
river_type_5km,Hydrology,River-position class at the 5-km proximity threshold.,"0 = isolated, 1 = upstream, 2 = midstream, 3 = downstream",6795,367
roof_material,Control,Roof-material source category used to construct housing PCA.,DHS categorical code,6795,367
sample_weight,Weight,"Individual sampling weight associated with the interviewed mother and assigned to the child record. Used as sample_weight / 1,000,000.",Positive integer,6795,367
season,Time provenance,Prepared interview season label.,Wet or Dry,6795,367
survey_type,Survey provenance,"Survey source, completed from interview year for deceased records.","DHS = 2018, MIS = 2021",6795,367
toilet_type,Control,"Toilet category, entered categorically.",DHS categorical code,6795,367
wall_material,Control,Wall-material source category used to construct housing PCA.,DHS categorical code,6795,367
water_class_label,Control label,Study-specific label corresponding to water_improved.,"Protected_or_delivered, Unprotected, Unclassified",6795,367
water_improved,Control,"Study-specific binary water-source feature. Source type is a proxy for protection and delivery, not a measured water-quality value.","1 = codes 11,12,13,31,41,61,62,71; 0 = 32,42; other codes missing",1135,53
water_source_code,Control provenance,"Reported drinking-water source code, coalesced across living and deceased exports.",DHS categorical code,6795,367
waz_score,Other outcome,Prepared weight-for-age z-score.,Z-score,2052,0
wealth_index,Control,"Household wealth quintile, entered categorically when included.",1 = poorest through 5 = richest,6795,367
whz_score,Other outcome,Prepared weight-for-height z-score.,Z-score,2046,0
year,Time provenance,Year of the survey and concurrent OLC assignment. Equals interview_year in this release.,2018 or 2021,6795,367
